company_name,item_name
Popingo's,vanilla
99 Market,tarragon
Fine Fare,lamb
G&R,romaine lettuce
Johns Country Store & Deli,spaghetti squash
Grade A Market Of Newfield Inc,halibut
Saraga Oriental Market,rhubarb
Dierbergs Bakeries,peanut butter
Geresbeck's,kumquats
Super Mercadolos Compadres,rice paper
Hickman's Iga Food Ctr,hot sauce
Village Super Market Inc,pea beans
Hoss's Country Corner,applesauce
Service Food Market Inc,chicken liver
G U Markets,hamburger
Slone's Signature Markets,cloves
Dunns Corner Market,red beans
Iga,Tabasco sauce
Shoreline Food Store,bok choy
Twin Rivers Foodland,chicken
People's Food CO-OP,flour
American Discount Foods,cocoa powder
Greg's Gourmet Grocery,venison
Redmond Grocery Outlet,Mandarin oranges
Oriental Marketplace,hash browns
Price Right,parsley
Bill's Shoprite Plaza,flax seed
West Farm Foods,quail
Tesoro,clams
Daley's Country Pantry,black-eyed peas
Base Exchange Food Court,sherry
Lavalette Foodfair,lentils
Charles Hood Grocers,turkeys
Bag N Save,scallops
H Mart Little Ferry,cranberries
Desert DE Oro Foods,sour cream
Food Town,shrimp
Greenfresh Market,curry leaves
Mrs Green's Natural Market,kiwi
Waugh Foods Inc,watermelons
Topco Associates Llc,orange peels
Buc-Ees,swordfish
South African Food Shop,rice vinegar
Buy For Less,water chestnuts
Busch's Valu Land,soy sauce
Hiller's Markets,red cabbage
Kenefick General Store,cream
Kittanning Foodland,vinegar
Supermarket Operations,chaurice sausage
Enola Super-Thrift,radishes
Village Market,pepper
Gristede's Foods Inc,cookies
South Hills Iga,cumin
Chippewa Bay Store,brown sugar
Marsh Supermarkets Inc,barley sugar
Hometown Favorites,mascarpone
Pigly Wiggly,sweet peppers
Ithan Food Market,pig's feet
Putney General Store,grouper
Joe's Parkway Supermarket,corn flour
Mariposa Food CO-OP,brazil nuts
Caribbean Market II,white chocolate
Cash Wise Foods,pomegranates
Skorski Foods,honeydew melons
Uwajimaya Inc,poultry seasoning
Central Grocers Coop Inc,raw sugar
Boyer's Iga Inc,garlic powder
Coats Iga,pistachios
Luckys,chutney
Quinault Mercantile Llc,tortillas
Brown & Hopkins Country Store,tonic water
Life Source Natural Foods,octopus
Walters Bay Intl,kale
Terrible Herbst Oil CO,almond extract
Kwon's Corp,pumpkin seeds
Fred Meyer,molasses
Pasta Works Llc,Worcestershire sauce
Gpm Investments Llc,honey
Ukrop's Super Market,Romano cheese
Super 1 Tasty Bakery,pumpkins
Magruders Seminary Plaza,marmalade
Roy's Inc,tomato sauce
South End Formaggio,aioli
Bayshore Country Market,dumpling
Sack'n Save Foods,almonds
Cash Wise Foods,balsamic vinegar
Hickman's Iga Food Ctr,broth
Tom's Supermarket,mussels
Coborn's Grocery & Meat,walnuts
Grand Traverse Pie CO,geese
Al's Supermarket,acorn squash
Edna's Market,lemon Peel
David's Super Markets Inc,dill
Hometown Market Place,black olives
Fan-Tastic Gifts,chili sauce
E W James & Sons Supermarkets,salt
River Market,butter
Buehler Buy-Low,sushi
Gristede's Sloan's Supermarket,beer
Phil's Fresh Foods,bouillon
Forager's Market,angelica
Cv's Family Foods,ricotta cheese
Food Country USA,feta cheese
Super One,succotash
Food Emporium,apples
Minyard Food Store,gorgonzola
Margin Free Variety Store,paprika
Westwood Farms,croutons
Walmart Neighborhood Market,beets
Liborio Markets,curry powder
Pinoygroceries.com,monkfish
Seema World Travel Inc,truffles
Cape Food & Beverages,broccoli raab
Rosauers Supermarket,cilantro
Sack N Save,chives
Broulim's,gouda
Tuscola's Iga Foodliner,bruschetta
Shop Rite Supermarket,corned beef
Bliss Market,powdered sugar
Base Exchange Food Court,bard
G & R Iga,raisins
Compare Plaza,turtle
El Rey Plaza Inc,rabbits
Lakewinds Natural Foods,liver
Dave's Super Market,green onions
Bosnia Market,tomatoes
Highland Falls Market Inc,chipotle peppers
Prince's Center,flounder
Kishman's Iga Super Market,colby cheese
Goulds Supermarket,prosciutto
Roth's Your Family Markets,pink beans
Lowes Pay N Save,cider vinegar
Plumb's Inc,creme fraiche
Bockwinkel's,red chile powder
Quality Market,vanilla bean
Native Roots Market,catfish
Brown's Superstore Inc,portabella mushrooms
Our Family Foods,half-and-half
Jewel-Osco,pico de gallo
Joe's Meat Shoppe,sweet chili sauce
Schotts Supermarket,mustard
Western Supermarkets,anchovies
Sentry On The Go,crabs
Roundy's Supermarkets Inc,tea
Popingo's,jicama
99 Market,grapes
Fine Fare,sauerkraut
G&R,pork
Johns Country Store & Deli,pheasants
Grade A Market Of Newfield Inc,beef
Saraga Oriental Market,vegemite
Dierbergs Bakeries,hoisin sauce
Geresbeck's,ketchup
Super Mercadolos Compadres,chili powder
Hickman's Iga Food Ctr,red pepper flakes
Village Super Market Inc,alfredo sauce
Hoss's Country Corner,chai
Service Food Market Inc,chambord
G U Markets,grapefruits
Slone's Signature Markets,buckwheat
Dunns Corner Market,rum
Iga,cashew nut
Shoreline Food Store,tuna
Twin Rivers Foodland,aquavit
People's Food CO-OP,breadfruit
American Discount Foods,andouille sausage
Greg's Gourmet Grocery,spinach
Redmond Grocery Outlet,sardines
Oriental Marketplace,bass
Price Right,onions
Bill's Shoprite Plaza,bacon grease
West Farm Foods,brunoise
Tesoro,mackerel
Daley's Country Pantry,apple butter
Base Exchange Food Court,cannellini beans
Lavalette Foodfair,allspice
Charles Hood Grocers,thyme
Bag N Save,brown rice
H Mart Little Ferry,mozzarella
Desert DE Oro Foods,tartar sauce
Food Town,guavas
Greenfresh Market,yogurt
Mrs Green's Natural Market,steak
Waugh Foods Inc,barbecue sauce
Topco Associates Llc,broccoli
Buc-Ees,salsa
South African Food Shop,almond butter
Buy For Less,snow peas
Busch's Valu Land,habanero chilies
Hiller's Markets,corn syrup
Kenefick General Store,focaccia
Kittanning Foodland,moo shu wrappers
Supermarket Operations,tomato puree
Enola Super-Thrift,chicory
Village Market,poppy seeds
Gristede's Foods Inc,apricots
South Hills Iga,plums
Chippewa Bay Store,ginger
Marsh Supermarkets Inc,split peas
Pigly Wiggly,plum tomatoes
