drivername,modelname
Delsie Pecoraro,Laraki
Nida Claassen,Maruti Suzuki
Marcos Gerdts,SsangYong
Alec Vautour,Peugeot
Edwina Altom,Lancia
Odis Picha,Maserati
Cira Trundy,Dacia
Chante Tea,Leopard
Hubert Baisden,Land Rover
Lavina Sartwell,Alpina
Alba Pereda,Leopard
Nickole Kushner,Mercedes-Benz
Shalon Lathrop,Maruti Suzuki
Reta Woosley,Mitsuoka
Clara Locascio,Lister
Zackary Craig,Aston Martin
Abram Dela,Mini
Maris Simmers,McLaren
Mohammad Pettie,Tesla
Ressie Hostetler,Toyota
Alaina Mchale,Landwind
Verna Antone,Renault
Gilda Wattles,Lada
Elvina Zirkind,Lightning
Ta Backes,Lister
Kathryne Hartig,Lister
Joann Feldt,Vauxhall
Lourie Rook,Volvo
Crystal Purdum,Micro
Carlos Conforti,Volvo
Lisette Mcdow,Landwind
Cynthia Ferranti,Lightning
Salina Vidaurri,Jeep
Lucien Barth,Porsche
Latisha Hodson,MINI
Glen Ibanez,Honda
Na Ogles,McLaren
Adena Stuck,Jaguar
Zula Mullet,Smart
Renda Do,Lister
Leora Weist,Dacia
Digna Oertel,Maruti Suzuki
Kelly Pastorius,BMW
Amelia Teixeira,Mastretta
Gabrielle Raiford,Seat
Carolynn Arend,Hyundai
Lady Wiedemann,Lincoln
Juliane Schirmer,Mahindra
Narcisa Poorman,Bentley
Brenda Bourassa,Jeep
Aldo Conatser,Aston Martin
Tessie Poland,Tesla
Vinita Linzey,Volvo
Chere Bubb,Renault
Jerrie Wickens,Suzuki
Caitlyn Perrotti,Jaguar
Rheba Bostic,Nissan
Teddy Bonet,LeBlanc
Kristy Oyola,Porsche
Lorriane Wojtczak,Hyundai
Marietta Metro,Lancia
Zachary Dugger,Dacia
Henriette Coloma,Jeep
Sylvie Alban,Infiniti
Sari Thibeault,Tesla
Trista Buchner,Landwind
Jacqulyn Fleurant,Seat
Garnet Mathias,Nissan
Matha Roosevelt,Mastretta
Cedrick Nicodemus,Lotus
Diann Roles,Smart
Roma Lamere,Lexus
Gay Joy,Micro
Saul Pracht,MINI
Gino Mcmonagle,Marussia
Meri Rathjen,Lincoln
Anne Nowland,Alpina
Noella Periera,Morgan
Forrest Lona,McLaren
Yetta Stansberry,Citroen
Lindsey Maharaj,Alpina
Kizzie Soni,Honda
Jody Simpson,Vauxhall
Marc Symons,Smart
Minh Merryman,Lightning
Emmanuel Scaggs,Alpina
Mattie Hance,Lifan
Ellan Schlichting,DS
Keva Hoge,Nissan
Saturnina Claypool,Land Rover
Abbie Schlecht,Rolls-Royce
Eden Jacquez,Alfa Romeo
Daisey Costin,Skoda
Mabelle Joines,Rolls-Royce
Many Noe,Renault
Jetta Caffrey,Peugeot
Karren Danielsen,MINI
Eleni Matta,Ferrari
Tosha Killam,Mitsuoka
Luanna Clonts,Alpina
Lyn Saint,Audi
Josette Ryder,Ferrari
Alice Sandhu,Toyota
Grisel Mikkelsen,Micro
Chong Rawley,Volvo
Tomika Vicks,Skoda
Heather Zerangue,LeBlanc
Golden Konkel,Leopard
Isaias Dominique,Leitch
Melina Blakeman,Lister
Harry Ortner,Subaru
Luella Hemenway,Vauxhall
Hilario Speciale,Nissan
Danny Faulks,Lamborghini
Carolina Sturgell,Ferrari
Eldridge Beatrice,Skoda
Darcey Lyke,Aston Martin
Bao Casseus,Maserati
Debrah Molinar,Alfa Romeo
Refugio Quinton,Lotus
Jovita Bender,Renault
Corrin Stainbrook,Land Rover
Carmelo Aarons,Mitsuoka
Vanessa Haugland,Local Motors
Tamera Self,McLaren
Elin Zoller,Fiat
Manie Duenes,Laraki
Tobias Doyon,Mini
Jeannine Millican,Lister
Malia Toal,Infiniti
Alfonzo Baker,Audi
Elvina Vossen,Bentley
Michelle Trevathan,Infiniti
Elfrieda Fecteau,Aston Martin
Burt Mosher,Volvo
Aldo Watlington,Smart
Willetta Speer,Mazda
Lorraine Pearlman,Mazda
Rachael Shores,Renault
Tiffany Massie,Alpina
Rosie Brandenberger,Kia
Nikki Waldorf,Alfa Romeo
Raphael Hepburn,Jeep
Catheryn Strausbaugh,Volkswagen
Violet Mosbey,SsangYong
Laticia Lutterman,Morgan
Fletcher Osman,Vauxhall
Rosette Volkert,Mazda
Trula Detweiler,DS
Kiana Massenburg,Volvo
Lael Folkes,BMW
Tonda Mickles,Smart
Elanor Lawyer,MG
Heidy Round,BMW
Cameron Chiou,Seat
Gil Holliday,Mitsuoka
Alda Adolphson,Hyundai
Mirna Deborde,Micro
Douglas Cloyd,Bentley
Majorie Sorrentino,Toyota
Lavina Choy,Honda
Lan Squire,Honda
Margareta Ruybal,Laraki
Katie Fix,Mazda
Isa Pinedo,McLaren
Emerita Cullens,Volvo
Archie Blanchette,Honda
Leora Moretti,Jaguar
Lyn Hassel,BMW
Fernanda Maillet,Alfa Romeo
Cornell Hixson,Porsche
Tamiko Arrowsmith,Mahindra
Angela Fajardo,Mazda
Salina Graybill,Citroen
Bianca Gardenhire,Lamborghini
Sharlene Reay,Lightning
Bobette Dussault,Morgan
Shila Rauscher,Ferrari
Buddy Puga,Land Rover
Anh Wechsler,Volvo
Jess Litchford,MG
Vivien Dacanay,Porsche
Corrine Sprvill,Leopard
Vince Darby,Lancia
Lonnie Lauderback,Mitsubishi
Ulrike White,Lightning
Katerine Guinyard,Citroen
Georgann Padgett,Mazda
Dustin Cassara,Maruti Suzuki
Bobbye Bluhm,Mini
Kati Dollard,Infiniti
Kallie Ranney,Tesla
Toi Ferrell,McLaren
Salvador Benally,Alfa Romeo
Karina Rogerson,Fiat
Shanda Craner,Morgan
Rubye Constance,Lexus
Lyda Chalfant,Smart
Garret Stjohn,Mini
Jacques Hofmann,Ford
